Subject,Age,1,2,3,4,5,6,7,8,9,10,11,12,13,14,15,16F,17,18,19,20,21,22F,23,24,25,26,27,28F,29F,30,31,32,33,34F
1,old,-1,-1,-1,-1,-1,-1,-1,-1,-1,-1,-1,-1,-1,-1,-1,-1,-1,-1,-1,-1,-1,-1,-1,-1,-1,-1,-1,-1,-1,-1,-1,-1,-1,-1
2,old,13702,20715,27723,34736,41743,48750,55756,62770,69777,76783,83783,90797,97804,104817,111824,118832,125837,132851,139857,146864,153877,160884,166891,173898,180912,187912,194919,201925,208939,215945,222952,229966,236973,243980
3,old,23230,30242,37250,44256,51270,58277,65284,72297,79303,86310,93318,100324,107340,114354,121358,128365,135371,142378,149391,156399,163398,170412,176411,183418,190419,197432,204438,211445,225304,232310,239324,-1,-1,-1
4,young,2465,9473,16480,23494,30500,37507,44521,51528,58535,65543,72554,79567,86575,93582,100584,107601,114608,121615,128622,135635,142642,149649,155656,162669,169677,176684,183696,190703,197710,204714,211729,218737,225744,232750
5,young,21927,28935,35941,42954,49962,56974,63982,70995,78004,85009,92030,99031,106044,113043,120057,127063,134069,141084,148090,155097,162103,169109,175124,182131,189137,196151,203157,210166,-1,-1,-1,-1,-1,-1
6,young,27460,34473,41480,48487,55494,62508,69515,76521,83528,90536,97544,104552,111561,118570,125583,132588,139597,146603,153616,160625,167633,174646,180647,187654,194680,201677,208686,215689,222703,229710,236719,243726,250738,257741
7,young,30718,37730,44744,51751,58757,65750,72765,79771,86778,93792,100799,107805,114819,121826,128834,135839,142853,149861,156866,163881,170889,177894,183901,190908,197918,204929,211937,218940,225954,232963,239974,246980,253989,260995
8,young,33582,40589,47603,54609,61616,68630,75636,82644,89657,96663,103670,110677,117691,124703,131710,138717,145722,152730,159744,166751,173765,180758,186778,193785,200785,207799,214805,221812,235832,242840,249847,256858,256860,263866
9,old,34902,41913,48920,55927,62941,69954,76961,83967,90976,97982,104988,112002,119016,126022,133030,140036,147043,154051,161063,168076,175083,182091,188097,195104,202116,209124,216131,223138,230150,237157,244164,251177,258183,265192
10,old,23947,30952,37960,44974,51986,58996,66002,73005,80021,87026,94033,101049,108054,115061,122068,129068,136086,143092,150104,157110,164127,171126,177106,184145,191148,198148,205175,212181,219185,226196,233207,240216,247217,254231
11,young,48040,55054,62061,69074,76082,83087,90098,97101,104101,111108,118123,125128,132143,139148,146156,153164,160177,167182,174191,181197,188210,195217,201225,208229,215244,222250,229265,236264,243272,250278,257285,264299,271311,278311
12,young,50486,57493,64500,71507,78520,85533,92540,99540,106556,113567,120574,127581,134594,141602,148608,155614,162629,169635,176641,183655,190662,197669,203676,210689,217696,224703,231716,238723,245730,252737,259750,266757,273771,280770
13,young,26202,33209,40215,47230,54237,61244,68250,75264,82276,89284,96291,103297,110305,117317,124325,131331,138337,145351,152358,159371,166378,173385,-1,-1,-1,-1,-1,-1,-1,-1,-1,-1,-1,-1
14,young,38486,45359,52232,59111,65981,72854,79722,86598,93472,100343,107216,114077,120944,127820,134696,141565,148344,155216,162093,168957,175833,182698,188482,195355,202231,209103,215972,222847,229617,236397,243271,250139,257011,263875
15,old,37594,44466,51339,58218,65088,71961,78829,85705,92579,99450,106323,113184,120051,126927,133818,140682,147459,154336,161211,168082,174948,181824,187602,194468,201342,208220,215089,221961,228735,235509,242378,249259,256129,263003
16,young,24723,31595,38473,45345,52216,59088,65966,72838,79709,86581,93452,100331,107202,114074,120946,127817,134594,141466,148338,155210,162081,168952,174730,181601,188480,195351,202223,209095,215871,222649,229520,236399,243263,250135
17,young,54548,61412,68284,75156,82027,88906,95769,102649,109519,116390,123263,130124,136991,143867,150750,157612,164391,171263,178140,185004,191880,198745,204540,211420,218290,225161,232034,238905,245683,252459,259331,266210,273082,279939
18,old,22893,29771,36636,43515,50385,57258,64126,71001,77876,84754,91620,98488,105369,112246,119117,125989,132763,139639,146509,153382,160259,167121,172902,179773,186654,193524,200394,207266,214043,220813,227693,234565,241435,248307
19,young,72703,79573,86446,93317,100195,107068,113939,120812,127683,134557,141432,148304,155177,162047,168926,175797,182558,189447,196307,203171,210047,216912,222696,229569,236445,243317,250186,257061,263831,270611,277485,284353,291225,298089
20,young,19156,26020,32899,39770,46643,53513,60392,67264,74123,81006,87878,94757,101621,108501,115372,122243,129013,135892,142764,149635,156508,163378,169156,176027,182913,189777,196649,203521,210298,217075,223946,230818,237691,244561
21,young,47506,54378,61249,68128,75000,81871,88744,95615,102487,109358,116237,123108,129979,136851,143730,150595,157373,164250,171121,177994,184865,191737,197514,204372,211242,218116,224994,231857,238635,245412,252290,259161,266033,272907
22,old,8198,15064,21938,28809,35683,42557,49428,56301,63177,70046,76922,83794,90672,97536,104413,111283,118057,124931,131802,138680,145548,152420,158199,165070,171942,178813,185689,192564,199340,206116,212984,219859,226733,233606
23,old,10616,17480,24354,31230,38102,44974,51847,58718,65595,72467,79338,86216,93083,99955,106824,113703,120474,127347,134223,141102,147968,154845,160617,167489,174362,181232,188102,194973,201751,208527,215406,222273,229143,236021
24,old,7237,14110,20984,27851,34726,41604,48469,55349,62219,69091,75963,82825,89693,96572,103441,110314,117090,123963,130835,137706,144583,151447,157231,164097,170974,177847,184719,191598,198375,205145,212017,218889,225760,232638
25,old,72364,79236,86108,92979,99851,106723,113601,120473,127344,134216,141088,147966,154838,161709,168581,175459,182230,189108,195973,202851,209730,216594,222372,229244,236115,242987,249858,256736,263507,270283,277155,284033,290918,297776
26,old,2872,9744,16622,23491,30372,37235,44108,50985,57858,64736,71601,78480,85351,92215,99073,105945,112723,119601,126465,133344,140215,147087,152870,159743,166614,173486,180358,187229,194007,200783,207661,214533,221403,228270
27,old,48081,54948,61823,68696,75568,82440,89313,96190,103060,109938,116804,123675,130549,137426,144298,151169,157944,164817,171689,178561,185440,192311,198081,204950,211826,218703,225575,232446,239221,246001,252870,259742,266615,273485
28,old,69818,76693,83566,90445,97315,104177,111048,117927,124791,131670,138541,145411,152278,159154,166035,172901,179678,186555,193427,200291,207164,214032,219816,226689,233559,240421,247306,254176,260951,267722,274597,281473,288345,295215
29,old,90000,96874,103748,110624,117495,124368,131237,138111,144988,151859,158732,165602,172481,179352,186223,193090,199871,206743,213615,220487,227357,234230,240006,246875,253757,260629,267500,274370,281150,287920,294798,301669,308530,315405
30,young,43378,50245,57122,63994,70864,77736,84609,91481,98358,105230,112101,118971,125850,132716,139515,146459,153238,160110,166987,173851,180727,187592,193376,200249,207125,213997,220869,227741,234514,241291,248165,255040,261898,268769
31,young,70185,77056,83926,90804,97677,104548,111420,118293,125162,132036,138914,145783,152656,159526,166399,173276,180047,186919,193796,200669,207541,214411,220189,227062,233933,240801,247682,254553,261315,268095,274973,281845,288715,295588
32,young,50804,57676,64546,71420,78298,85170,92041,98912,105783,112663,119534,126405,133276,140148,147019,153885,160664,167536,174413,181277,188153,195018,200802,207675,214551,221419,228292,235162,241937,248717,255588,262466,269338,276203
33,old,57290,64163,71034,77905,84777,91656,98527,105399,112270,119141,126020,132892,139763,146635,153507,160378,167155,174027,180892,187770,194635,201507,207290,214155,221020,227892,234763,241635,248412,255189,262060,268932,275811,282682
34,old,71615,78490,85363,92237,99108,105985,112853,119729,126601,133474,140351,147208,154087,160958,167829,174701,181478,188351,195230,202094,208972,215845,221615,228493,235365,242237,249108,255978,262757,269534,276404,283283,290155,297019
35,young,41385,48264,55133,62007,68880,75751,82623,89499,96372,103244,110115,116989,123866,130737,137608,144480,151257,158129,165000,171874,178751,185615,191392,198270,205143,212006,218879,225748,232528,239305,246176,253053,259919,266791
36,old,40560,47434,54308,61182,68056,74927,81798,88674,95548,102419,109292,116162,123034,129905,136777,143655,-1,-1,-1,-1,-1,-1,-1,-1,-1,-1,-1,-1,-1,-1,-1,-1,-1,-1
37,old,57865,64740,71613,78492,85362,92235,99103,105979,112853,119724,126597,133458,140325,147201,154090,160960,167725,174597,181474,188338,195214,202079,207863,214736,221612,228484,235353,242228,248998,255778,262652,269520,276392,283256
38,young,42242,49117,55990,62869,69739,76612,83480,90356,97230,104101,110974,117835,124702,131587,138459,145332,152102,158974,165851,172715,179591,186456,192240,199113,205989,212861,219730,226605,233375,240155,247029,253897,260769,267633
39,young,49656,56527,63404,70283,77153,84026,90894,97770,104644,111515,118386,125264,132128,139007,145878,152750,159525,166399,173269,180133,187005,193880,199654,206527,213403,220275,227144,234019,240789,247569,254443,261311,268183,275047
40,old,43919,50794,57667,64546,71416,78289,85157,92033,98907,105778,112651,119519,126394,133271,140138,147013,153786,160651,167528,174392,181268,188133,193917,200790,207666,214538,221407,228282,235052,241832,248706,255574,262446,269310
41,old,51628,58503,65376,72255,79125,85998,92866,99742,106616,113487,120360,127221,134088,140964,147844,154720,161488,168360,175237,182101,188977,195842,201626,208499,215375,222247,229116,235991,242761,249541,256415,263283,270155,277019
